id,type,flag
05689045c30e372c6603b3db8312f9d7444c75b42ff879d10e7b1fb8a7fd0cd9,37,Cyprus
b6ce45e37aff96757b2a87fd26dc99a7ec30482321646863e08061e01c3a6c6a,40,Cyprus
5b53cea1893df61389767637884d1188ca8a9da7ebce5b70254cf8e8fa1f7bdc,70,Cyprus
77a52ea9efafd351d2d027808b516c1dbf5acf95c3e246f642c334611b8ecfad,84,Cyprus
04b6c84a518f833b7206a114ada7660d56888de1af6cabc7bbe2c46ea6a7d733,70,Cyprus
f695447603e623ec3e0f9d7667932e9a81880b56757f966cfd6d647d6ce355a6,40,Cyprus
59587a34286d74708bfcbe78e3985d72f56db78aad3a196b142b7a2ef6db067d,70,Moldova
bb294a88336cadc7ebdee60a72f6ff4159d74e62805a80d213cc7aee769093e2,82,Malta
e81a11bd231bac131f574905996b192531930b3bfee7399b9e8947eb8a76cc7b,37,Malta
17aa3715bb7f277c39817d7a13a9b3d8d05b8752fb6a8b779368e32cc6195456,70,Malta
84798086596bae5b827934829a88387e81b1c5dab83d078243c18297aa4508bf,36,France
e3cac4804d5689a8b9c405fd0e913799f9f90ed1ec7f69fc61e8c406c932b731,37,France
abf0eeac5bebf43e07ece457352fed4e5bb670eabaae423776c6b7a6aca1bbd3,36,France
6f4bcd4eef801c318f2ca20fcd7bc2544e396633ee12ba14387fd7f4bc766e10,37,France
3fb9ea85bd90cee751f4d7083ee4cb94d79efb6e13c2e1a268a954d8071babeb,37,France
ee885a4d54197707c7ac197c9cf139761c694cde003352b6d6dc2cbbb8dc1b21,37,Malta
e57e4bc9d64ecefc261fc3292dc74b78fd26164d1e7e9313a63354b8eff40fe2,36,Malta
5d7ceb55f746f9a4a57fdd0ebf457bb7c7abfd535358cd69a1e1e618d876d86d,60,Malta
84872dde83fa3649fba717401ad1ceb3de83b0585f476fb1cba40efe9994b398,60,Malta
eca749752765b432be70363e4510f8ccf3fbab739a62133976935deb1f144477,37,Malta
274971226439a158329f4de518dde6205e7ead26b263d13f1d5795a5ff8a7b5d,36,Malta
ad2da297c46601b0ce4117fc0a2c588fa1c3cc985163c1c3c64df44b66455c8f,37,Malta
d030cef60611b7dfe659b8e93f4f0f3fdb26ed974229f6c6b47396acc5f07381,71,Malta
316eaf5d7d3e526b18088f785875e372bb911e2440a66af1a75a6f57ba4c08fb,37,Malta
08eeebba10ba06f39b18ae721fc749407367ccd95d602f44d21bc56d3ceebd29,37,United Kingdom
52063b8cce015c16f72dad747fb3aeb9af53249ffdce58097dec243cdb5e074e,60,United Kingdom
bd8b7733b430ac888b0cdb332c9a2637b923eba3b0719626fd439b8349538c2b,37,United Kingdom
b4447eaeb842a412d231621182b4a7e1954709f5879b5432b872f391778565a8,37,United Kingdom
1945c6f118eb4bfae9dd5ccd32cc83126542d1b534173274fbf61a992c232fc0,37,United Kingdom
40a3fa0c26f0a2f4f5387889c44e43a27d72491ec3f53c87366a711d79569981,37,United Kingdom
768804a84f3e7bfeb7a2c9fee1b6e55b58946f0bed3dfa2d25830160366c9df5,37,United Kingdom
e5e5be69dc8c44bc3202d8a8c33b1a815b5e0d8dc40b04d8cc7fb37522ac8515,37,United Kingdom
2631181dd45918e9cdfafb48d1e322c3f292038a9e7b63912cf9086bfbb75e9e,37,United Kingdom
badbb8a29e327649b07cf0a04e9f4239b17f35ae6ed750f6a5f9a684af3ad60e,36,United Kingdom
b3f28eda9e1008ae2e7c146b3fa7c5064e4ddd64fc350cd5a71256279e4365b9,36,United Kingdom
e663936f37599b63162c7aa92baf04fd41f4d8919cc1e45eba530f61c199069a,36,United Kingdom
233e40fcef6e1d9247de2366e84ea2485434313798db9a64fd56aa77a8958365,79,Gibraltar
7d2c7f3ff6b0bd3ae552db7a642916245ee407e30b4cc5c4677d6459ce2253ab,71,Gibraltar
e7859a5ebec4294a348407cbf26009b97673010580d14c994479ac179fa6438e,36,Gibraltar
576faf6e65dff94a2ed3593dfb2b96118f963eb7e9bb191e4e5d1a73060d7b70,37,Gibraltar
11e59aaa59860630711db1173860c9b322292d9da5a3311c469093a8d754c058,60,Greece
74ebcef3f18f3af5bc3623b4537bffb62f7b40668558d258ae512a5e8da7049d,70,Greece
c8a31c03ff686361142bed0548421e8ea699cfdf5c057b7a5e6198ab83e29422,70,Greece
d8424a3a6af4a7a3aedb80308bc6a000c5a6b99511706aa04a79d32262a2b70d,40,Greece
5de00399a2fdba5f2eb761a622a79a73af9d4058d51e6b16077c9c38969fb2de,60,Greece
c76e3696aa34623df8fd3e0e9dcc6378176803be4f60f093c3ac4807e3a089ef,81,Greece
01c8d531d4f3dbf4d2ab71f0018d47aa0db2358fb532bf184bbfbfd2b73927b1,70,Greece
d9a6214a809d5ff6b05f6036903d82357a355f8e6f3ccefdec97648e72238f86,37,Greece
0a9674dc0bcf0d25c4809047b80ddea2b8db62a4537548cf29f17aeb8b1dc36d,69,Greece
eb842e3e3445e9e3180422bd59df277c692cf43a789908fc11f92bd97918c33d,60,Greece
1eee5599ef5de5c07df6698ab4d4a6e6bbe4a2be25208864a8876cf6050452ad,40,Greece
eb538d8d3b4da934559c3bc761faf1fb6414f80e54b037d915a6172b32f7aabf,40,Greece
48b43ee1f529334e51f9109be02ec5c036cc1efb7fda77ae2d1b4f00e2fb143a,60,Greece
b3c03e9337c764e52bf4e92f9115083ab7aa377d20aaa019984adf8ffcdd7a1c,61,Greece
e8705b20500f0b24de84bd43dddcf5a39c6ba0678df6db43b6eb92a32f84b9e1,69,Greece
8406aa01dbd09a832e2a9825f28f900e03c718f86c16650ef69afec1d795cdca,52,Greece
4008373ec23cf3e89faa9534e929a2c52170d0c7b8e19e3fe8ae447537ee5287,99,Greece
c3dbf92248295282b61bc1321cb8ceeecdf5f502fc1bc6ef7e0b6cd981919abb,80,Greece
abaffb077cf1ecc9d8ade529217f636333d68985935c5ce33870a139ab02e809,37,Greece
1dd48ef3ef6a794511d00f3cd68bbe878b50e727734de27323ac504927ecf733,0,Greece
da8ce411f6eb032f235332e1ece0dc61e8022bf8e18cebc06de9879e97f1f8c2,74,Greece
05edaaf038e80b4952faf8ea6ee12f2e95066896dc0bc91fdaea37c49124685a,70,Greece
57139e85177dea04c5a366a3c24ca31a613754c1379d3e5cd844995e479ddf07,42,Greece
f14b2881f278eb54fc1ffdfce14734d4905faad2090fa8169d9fe49f651b527c,60,Greece
2c951bf098f488c24ff655d551161481ef6564544821f6a1adf573f190dc38a1,81,Greece
c7264ef76fbbcb3a6695a16313e0bda49aa753d1fe3a5aa625be915ad756122a,60,Greece
c08891ecd6bee17d44bad6562524734d68ad16777166915fe02bb073c6db0392,99,Greece
8471b8d97572a8d343cd3ea45331174a558c7e424fa19b507298bc0447c5320c,37,Greece
bc25b98a98e0ef04942c2b1deb14b0efe881bd095ec7d422c85d3b8eb1604d32,30,Greece
bbce2ab392efcd2243d0dfa1aff733306731d70a519a78109bc2ed4f92ce9ccb,91,Greece
455e819c9076543158934126288fd6120fb931d202181df4fbb371ed7d053df4,36,Greece
5e08069fdff64441d200dbe82f84fff4d3b92747f6f4bb6c2339f676a4e80db0,80,Greece
0fe51bee65c87f2f06f33d5b42fd47dfaf7d99c72336e2ec5543f709f90a2d9b,69,Greece
1ba36d94c8e60b48174ecee95cc76ca84142d3aef5e76f0ff9dfba182afbd94c,60,Greece
93e61f9ae0e25facb78f07ef19af388789e9be6c9f9ac9e9f1850792ffe0402d,69,Greece
9853c62eb450dee1bf42639a61e714abcb743428820cf743ce59e4a058c4a842,50,Greece
b2e454b947398d812259ae8f3408bfd709441ae2f295e0ca073980518c4bc06c,50,Greece
eab6b60ec5d5da3ab76100bbed8cf89f0143f9c03e45d0582b9f8e3e61e1dcd1,50,Greece
09e2bbead4dec076d56f86d7507ce2f2e1a7912470d44c9df71e4c8d67d41584,50,Greece
2ef5c23132446ac3ce1260a0b61b2aa64d3fe6cf3af2ce5ccc6072aaa1eb2c3c,60,Greece
1024dfdcc2b7e80266b20b8866e754eb98b2d9ce4ae9ad8cf4a37dedcddee664,36,Greece
490201f75b5ddc3766b08b79c84ff3ff6f3737c31a890615ec8b11ed750b7b79,60,Greece
695672042efae8bf36e27df8d3876745d0eb4b2bf53410820aea22d7f3a114e9,60,Greece
13e66ee58266f34edc46e2b48f502111760d4ee2a59788742aff6cfbcea64e84,60,Greece
a215269105a55dcfc7f0ac5da022dd6c4708c96b25af0abbc85376f518b4aeb3,37,Greece
54dd69a9e20061d8b4d9e24859f2629773e2ef8c5125244c72891a4595420b37,49,Greece
e0333de1d6d9a99dacad8dd9a298858fc0b707d0b03a35e472c0b8228e9fdc0f,60,Greece
f05549ec88eefb79c46072f98608041134f67d6431c5541805aec2808432e07e,36,Greece
450392655c8a3eb1e2186e9ab208cda60d1f2eb063d7a72643ad17fc58cd5358,36,Greece
bfca0e846b6d35f8fde7611da7ff55835ba71a7eda53d3a3a6797947c9f70d8c,60,Greece
5178a3bb5af35653042026eeeee7ae47f5aea89a8e1c2fb7835045102eddd1af,36,Greece
5b9593326a757ebb40b036c24aa709e3d33a513118b116664a882f65253ef23f,30,Greece
c67892f1c4531ed834f27d42b510341608b1af0e441e905e4a1d60b696c51adb,90,Greece
12244585a3e5b6b2aa3f309a9ce56b1a7589bcf40d7393d4997c887305a77ff9,30,Greece
a9224c04bbf20968a16596d1c3d4e8d86399642dbdef7d5e802994e4bb421210,30,Greece
e955c6d37f04b17b462642f2ab1855451b61109d71b12063830cbc61342de005,30,Greece
aa42d53ba2d4bd0cc50cb096190a4312347569661f629b4f1f4f897d48534f8d,60,Greece
41c938019e2983d8538804723b79d67a2c853ed9a027e75e1ea916d36b277a74,60,Greece
98bb01857390ca864cb823439f8a5f32bdb38ff27ccab30a0c930d9f2ef15273,60,Greece
f6bc7f1c524e9ddb5ebee6ea1012f54502556638891b604dcd17ee19cf4e2b4f,60,Greece
1841939d3a9fa48ffc57e7c0ed2071d07cd51fe96e08dec2c306a2ac5a86a2c4,60,Greece
53880c54896ed4abe0fc51d4173ca486a97f679a8e34b6dc3ebe4a6586bc3f31,49,Greece
d3f9945b809d1ac5f0ced534fac53851f9094e415c34376c9a84b4cbc9e1c4dc,36,Greece
3a6e35ddfd6db23d91ab7abf4d908ada66292e66b6d920a4c8bd5e9858fdcedd,37,Greece
b4510b5d03cfa4f522dbd40f382adf6d5eb6dcedcf8f6ae6f713f0fcb913f1db,80,Greece
c2fdc46613a781f229895e2a8591fba33194aede439531587506fcb2052f9d25,60,Greece
0941beda1c9de6d2d4d26a27aeb7239d3f1cc13539f083d87266a6c4c0fa77aa,60,Greece
e21ce5e3044c8884528db8e831bd2cb62e834d51d204868183f06a6971dbb3b9,60,Greece
cbddfeef5fcc9598c272b0d31293d3c5dfe23981e439152c59fcfd33946ad78e,89,Greece
191bcf2d7bf6454373227e2d7161a1c947c85183bbea1ae92078bd0ecedc0496,60,Greece
b9c2e66d0b02559e9cebc08025e252b7bb82837291d5b9c28991fd5bf557ad03,60,Greece
4cea963ae9f9b9f953effc8dd2360a0ab21ee01bd9f63dbd8b0bf5f9f2754348,52,Greece
1f0913ceba97d43fa952ae47d601e446c39f0a47352e4db8bc7732466e0a49fb,,Greece
9d6bce74b377738891597e999b99deaa67fd5b90466d8d40b56dbefd295d137b,40,Greece
ab3376d06bf01dfc3bb0ae9a33d343040ba27820c2812df300ae115f3a4dac0f,60,Greece
04c3373354007a7d811c13943e2593accecac75d3eecde59c26fe5c284a5b88f,30,Greece
17a2772f901d45b69647ab7ed764ba82c5028da1c59480bda6eca2bce640c27c,60,Greece
e03433628392fa40222b71f4688c87693207cbcbae8f339f6519f99610f1aada,36,Greece
698b77dbaed14cc7fe67ee1e5017095b904643454fde596c1ec902c404aa100c,60,Greece
b3844aab4465b0097db4ec615c9200127f44a2701a13a1e3e160e8166af815f9,36,Greece
3a7fab680103a1beb423d2322007832586e4a3ad2e04fa6ce6a3598257663f81,99,Greece
9a07029a6294dcf984fba483879732a7b9cc864ef7cd70003c0f7befb8a1252d,70,Greece
a9e71b26b0ce9022eda71b12ca38b68105f3320a52ba05f6e1056883fe675dbf,52,Greece
0b5f91d8c5a6bf2e5cc37d877e83ccc7d5e4b7f179a3f29e6938fb355d42ba08,36,Greece
5adb5b041812ca09fc7b321465fac6e2df452ec97136802cd0839a6103c7bcc6,4,Greece
ce1b88a7983b03e73811ccc8ea111f6879a89ae04eca20ee8f6a8c1c080917b5,52,Greece
5a00d2cf3ee05f20e206f443805aaac190a236c84dd48b50d0a09f535218abe1,37,Greece
db02856d63909f5b552f64245174b8bed93f421fdef91c628fef0d85db983cf8,36,Greece
fa52f91b78b8d87e9edeeebb9615b259c4227ab2deca6c8e010303107b8b9852,52,Greece
b33e143e9df03071461b1c473c68efd77429464b94f36a9e8e5719de5f3f7c4e,70,Greece
064f488f8edabd7beffcc207f05b7ece824c1c775b60a0fdbd82a3225285bc6c,80,Greece
29b2c240d3ee158281fb4ad556939ee938d08685bd796a6877cbecd49a5655c4,80,Greece
075124bee049afcff9277844362b240a743c46c5e7e0315efd97661d4b122037,80,Greece
0bee2882311e4202052c5c9ad326b4bf4d69b8227f0fef7bcf4723e27cb79f6a,52,Greece
61b271d7354d1d339c1023b6eaa5e40b3424766ac048a00b221000a3a8b14989,36,Greece
83a8b2ff600f8b4ccd918928acf7bfe78381260025859fb5786b36b19c64402e,0,Greece
c3cc0ce95f2ae4ee0eb55a5d6511c9f2378765b36b3a31109ade75e3de983246,82,Greece
c300c18593ef197722498c64998de8d226928ad5b3c81e545a6f0a999ba89432,60,Greece
7f080c68ffb5cbe042d98b2524fc8a56db5bb75315f1063e6fa7440d20881f8e,60,Greece
652bd11f1fc7fc9caf84e19e33621c1b01678dd4d5886ed3d9ef9ff16c9c7934,52,Greece
cf9ef8c950ad3d2378f743feee08ce69fd151c12c920cc98849b3bbd115a64de,81,Greece
ce744a5151e667777c8172a79628faba3f6143e4412a9a14f2e30a603a2a82f1,37,Greece
123b6bd90dc7788b6af8b0546e7591aa6524a9ca12fcd833ca7065e05025dccf,36,Greece
f50407f0784d54399cedfcc83161bb49dbe85c316f83f63c0a6023ece93c1e21,36,Greece
9d1ddef511eb3d956e2c9b59628204a2191fad5e4c601c5f5e26465e3ee816b3,36,Greece
a871d8538868bbf21a0da759a9ec9c0c2f808d61e9ddf62e573e936b2fac4858,60,Greece
3153ae7391c9841540b3672e610e747942a8d0d30b787572b653f2148577f6be,69,Greece
280496899716b1750a138524d4452e12dba0fe94bef4fff8482bbc79db73fd24,37,Greece
a1d36582171abe05bb8c642a76b56333df266b88797ac360a6837beae7b8ab06,80,Greece
e7b69e495709855a3643684ce6eb47cfebb48b7a360ce4542ea713c7bb6d9b1d,36,Greece
c7d136f22d2a1dd7efe1e6f6789bf578ff435cf5a2d1b4c4b36c654fd3fe0bfd,0,Greece
0caad7fdcee927f8794a0619eb7c52f7b47755c424d1a8abbf9537e22d35af19,80,Greece
baf28036cf604ca60971481a836408196e1abf077c7b9dc04d0221cdcb41369e,60,Greece
ec2197faf6ba7464ba603f0e6270a8040a06e7f0418301832fb4bc1c76a6ec04,60,Greece
b6f4928791b1e46ce5f88384377e877623c5e4ca2a8ea9739b4a53e1b3aaadbf,36,Greece
d6857115d9716056eb891e527b4f99fb682f10dac2414f967199886741a7957d,60,Greece
49e5b6f8d0b7a0711591b73fbe746e544647e8d26d6c4e067b438772d3968054,60,Greece
28e9793f49521a4af35130665f5555f18a2885f36948074c7e84698470370b6d,79,Greece
7e14b2b780aa1cd200d765cd424e8900c98830cec361b58a296ce77c57bd0135,36,Greece
0acc5aceaf205b4b21fb5172fd65c0de3ce02eea539d6831d56be7dc0f975bfd,36,Greece
dc8bbc80288c795e58f333f26e71cef4bfcacf14a9b1acdf023ef96c1c1dfbef,81,Greece
06f8e4d1a0a2052afa4031c3858930a597eb39e228eb4f9b91784e2e729c69f0,37,Greece
d41d572bd004f3f65d29e6e72dce0ac3be8a541387ad83dd5265a5ca180602b9,81,Greece
3042352ae7ede1074c7c930979948a536bb7179fd00c2c4f9b2246f6e223dade,60,Greece
2c9d1c660fa17f69e407f72debbb57f21457b0023d188db86b234b402b817f66,52,Greece
6b3eddbe6bd8dff5abc3f93ffeb8f93af68ab3c7eaee03c114811262b1b729b7,36,Greece
ba91103ddd1aecda52ac62700771832d81e5a78674a4a1b5d5ec429f9ab8de7d,60,Greece
65524e5746173a6a113466d14566ef5ff98d7a39b1d5acdc2578485cffaabd59,90,Greece
498987ac0b7ce4bf1014b22cc5e99ec5e3105b53ea8b9987bc4e064ea328951a,36,Greece
2421462c3fcd9d30d552d8a5a6d9ac5446fabdd7130097da7201abe936e74aa8,37,Greece
333a90354a498799ec24e39788b9b7b71e50beee27258ee96e1f946fb9eaef0c,36,Greece
4299f903ee81fb4399b3df39ba4212cd43d382abe37feabfaf8995edab1677d9,80,Greece
5fa198ca11cf18eac79a548bcd46fc723b52a24aa4130da345180dc641868d37,70,Greece
1c90dbcba952d48ac3f00b0e2ce18c784830b331d8c46b31f1da68b47e5320f7,70,Greece
2aeba00a7deef3d7c5af0df1b314a63d9e3e7d9b164cc0133fc9966d52b0ba2f,69,Greece
a628a3324c5bd0f3e3ff042d43a0fbddd9ee96f9a1b730924cecbaff7952a4ae,60,Greece
cfaac9e0ab0782f25b332ebb6ef1f81eeeecc77f5881d192b5788b5e48aca2d3,80,Greece
9ea327071a3ab8fb39601c3c7ff79397fc7de77f7fb2aa8d25daa2631400b133,37,Greece
355e1c46bc1e7b929541b3220a27017395a49dc054bb8841577e6d23900bcd2d,80,Greece
1d2a32243707b28cb49a7c7806585b884d7f84b30c1a248eda6636f67780f0a4,60,Greece
de2369ba9ab5c2124f54ccd7475603d3e1349a0450817d4eb631f55a88e2a13b,89,Greece
5a6189835c4352e2ed37919c74aadc2a47563fa1ef70319c7f0b64bd41b7fcb3,89,Greece
41466d54ae022d82204410ba227fddfd0d888cffb9ab26858fc31b63e565c800,80,Greece
56373d40c869f08078b384e23a41b5e0da77094ad88057bf693e904ed0e3e42a,37,Greece
74b0a3070ed3a064c5e357a1d63f3f358cb9686a91abcf876e7e14f65dbaf520,70,Greece
d704e5dd5c31e926e6dd2136c53989d6c0cb469a9ad31a50f20b2346b9308e7b,36,Greece
5632baa0b430b2bae0e8810acfdd21414462083343ba8406078ae25ced4d36eb,69,Greece
af8ab01cfe8ab02333ec5f7689f6711501246324b7d5d7fcf4e0391192860e2b,37,Greece
89fefc5f62db583881d64954b931d16cd215d0622be598b0d97dff5ba3af3a0a,80,Greece
0d614e3574db2f674b7075cc45f5db04153d9b45cb11eb12eac2ec063049704c,37,Greece
2cdf5743d6067f762cdee64efc8c4312f318cac191fe1d7dec34aec00681dc0a,52,Greece
78d4889f7eb708d3662415f28b1d63cbe3a446218e9020809bfa068f04330afe,79,Greece
899a658be9f118dae6a16a8cbea34a315d40ef70f84f40770090b33d1b7da95c,89,Greece
f925c27d1ab5db0ef12f54ea9eac24660d9a6caf16240b374d2225d46092743e,25,Greece
fb134a55e343d4ef14ac38f0ad126d9fcbb0ed56599e8472ba2c685ef25055d3,80,Greece
36549925b2f9c0cf560db9f862e494060730d934a0adf2d4cc47e6879305bff8,80,Greece
26199b57ef2b787a02bf09d81b98aa7ca1a984091c6a2b6d00ee43237a2535b0,80,Greece
cc250a8fc1ca30cc46f6fd2db9251cd792b5849d219fc324ffd791be452faf77,90,Greece
5d40db0330dc0bb82bb70b9b33e50c141354461fc1befd4d31e53728baebe7ae,80,Greece
62485c85d81ec0280bcdb403ba764fdfd6d81a4eb29f2ad4e9f7f550cf700e5c,,Greece
21db3e0ad3b95c3145db923456cbef7033298176f30f32bb2ad3aac99703b59f,81,Greece
ea73c8c2326400a107364cacb33e2984e289b2be6f396fb918e368e31a0e7d52,52,Greece
fd42f136d11dcf3b0cf47b9cb76349523310ca2ba2254432c5fa804985a2128c,80,Greece
716b51216852a0f89cde3a7615f4148a2cf747f51da61ed7a8f1541684013e50,37,Greece
a1494339842f7fa60c671d5ecaa58caea18e8ad29bdce0b5720d5c60ebd6905a,37,Greece
ab5b3c18e21229b7c7a3da39a008000d8029aa7f8f403eadd875094e4b4e89d1,81,Greece
63ad53e5ff0617891306e4dfe86880c369194acb9735aab7b12ec6a7378b06b0,80,Greece
ac1bde6e9ad05882410cb14007e72cca3157bfdc387473daaabcaa663d670405,81,Greece
e3e7522c7466802f3eea0210bf018f694f1dd582da74b01d5a1d6b624cf4bcaf,52,Greece
4cd2184ccc170b8915b053f0827676550bb801b6c521084049790f8499c88b43,80,Greece
002351f7584dcb3b6ab87557073727eadd310a71e141d35646da5a7e3c577ee0,89,Greece
e7f0aa04c0baad8276728ecf700bdd01fae7e239a586f8ebc71595d607201fc5,81,Greece
4fbfc06bee7c90961e8c24a4a0abd97510cdb9a42c376cf2632d6c58af2b5d23,52,Greece
10799964abe94ad542480780165765a2c4ff733fe89495fffb3e82cf2c66b058,52,Greece
a36bd40277c27438221c6a034cc989ff2b179b41c126f0c555e466e1d96dda71,80,Greece
d0a0f0647b4092e78cc3c7c7745a14540a0bae28de0403ea232f90c0f9568bd2,52,Greece
3fc28f4d2b3c7cb5f68d5b71f6fda727e4f8cd66515d98466fd3d1066e624ede,49,Greece
7f884dd2942f07f9807b8c1a8a9b49c26805f9423ce3a8cc4320a8680e86a335,83,Greece
9d87ddb0ed31cf9c0341ecc6c80da5b33572b318720f075f6aafaefc8a93e70e,37,Greece
cfe536fc2e7cb7192e2d77bb8d41c8c57ad3ecd9f91c10c2ec1c25a30a405d3b,70,Greece
b726fcfc45572aa96276876e6a022aaf0170acb57129b2b9ee95514b602acdd7,51,Greece
32e87402a1dc95e6d575921384fbe2c1c7990323148e2da9454fd639941576c3,80,Greece
2b8400904024c0e5c252745469bc907187eca8d2e9bb344de38366b8eb67e5f3,52,Greece
473e3232540ee31e4ee12465f945819c4011b4188867755c3b40a59a6e4fcc45,52,Greece
282c52f2935d3063d43ddb88de5a0d13328f88d8d8936ba9269d62cbad477734,80,Greece
a22a17d47bff1c7508678f42bb840b7ef3410697fadca9903dd8097012531d4f,70,Greece
8be4c17e6c22819d92843b1a5bc575e9f91932f8da33a3cdec145eebfbe9dd63,69,Greece
4973db6f23f85160983bdce060b296e6430379d30e27e645ed64feb82732cda0,80,Greece
75998a2f7ce17a6e0c70d5c8b7ddb4c981942462a80d5ccafb5826329a50f39a,54,Greece
08532cbd7297e77dca5c6d333376e2eb13ef3475cac18b2c10d1aee19cb50374,69,Greece
e3c4abd850854fae4b02e676c035cc2d19eea54cc6edbd39e59c3985ce021c51,37,Greece
95da120d593bba9250eb4eede5d2892612e74c7d9c8f361cdc94780748224307,80,Greece
c792abc35c2df9e141da670ca0449f5c92386b5204e96d365cf28d5315934e10,80,Greece
91913a8e55d0c5391ea67d9c7655e4db1e366a316dd2535c31af7464e37ea172,36,Greece
6ba7b496df404cd3f2bcdaa79fd03881fc400ef1e0c0db28271b33de387019e1,80,Greece
c64e516e40453a12253d9784ecbdbc6d62a22de424b0eace8cb34dc942ff5462,52,Greece
98bb36c7c07ec0e180c1673d1ef5ad0960848c6488d936c16986a80b98bdc7e0,80,Greece
bb008e78d9c736eb9b96200e883a473a8a781faf5800f7c0323c363dd4b10761,37,Greece
0d0ca28ae646ca0bfcbfa06581772cffe5f1c04f7ad7be6c613c5beeff9e41c8,52,Greece
b0b2bd45bbb8911fbea20744b0e8b98bbb0e76f6c3af37d1e30655deb5f326de,99,Greece
911cafd995070971bbf78e8a6f5f234ad9e48889dbd54325b948ea87674b727f,52,Greece
0fc7f8d1ee232374608aad0ce376aa4f71d56f4d0061b847c46c42b0366d0d87,80,Greece
a2fed8ed9e07613ba33deaf6678c9e60472bcd13bb7446d32bc15fb1af4578d6,52,Greece
6bc223ad679d485bbb5f7755946fc7b9fd5ad61ef130fa339cd4862eae30a6f1,52,Greece
9209f6a16d2891ac16c114464d7d4992f99af58e448f334ff2f552679295669a,37,Greece
b3285baa651426e22aa4821edad36068efb0cde2720ed6a6b29591c2944d4bbb,52,Greece
b1db4d91efc1f809d20c5da5e4fbc2f55fc07e02a185cea6514ab0a95c50419b,60,Greece
09a5f8d46a5c205eda52ec3231f6be2033fa20050635b8720947fd2818d7c21e,70,Greece
493586c30c276c2978bd5cd8d72411d1efcd749885131dd0cb77382aabcbd0db,37,Greece
52b3a50500ec4379443f7b5db7381a90ae3078441db9e6ea87d8be97e882d44a,52,Greece
5b354bb4aa983f99d965725d47e158222b613f0c694866d99abc05aa96774164,52,Greece
8e75c1624d2d78c0f3df3598aaa14f5fcfe6252557fb7b3f8b0426d1f5d5edbc,80,Greece
78557b0569d70a6dd7d599e26dab800e48b165ad79c261e1ee7243db7f06c484,70,Greece
3db5db7b25502973d4dd19503a85bc74f987b9bf60c7467aea92f9f04836ba95,89,Greece
7cf261eadf9d0639409701af2f58b83e3834a1ca48da02ba4b44ceca7cd8e137,52,Greece
d9933c5919c9145e396bad3f6d5ad865af797af0225fe3136bfc11c0db8c812d,52,Greece
032262d9ca0b219260aafb3165fb97ea462a2c3eebdaa4d9c00fc9bf732f26fd,31,Greece
e690f4b30f63ae2388404198650e8f8222213fd5b2ac2e2621c679f43e86c0d9,52,Greece
bce2742f913eac129a9f8bdcce3f904ad6e95a53c7e565fad0df07d6426b289d,52,Greece
107a2943bc85b379f5374a6a72c1a08bf586a20cc195c058aaf114a0b2f52f3d,60,Greece
ae75f098caecc8c85bff774f4278e2798cf984876d656ebe4a586dda38018c97,80,Greece
b400a9d9f7c8f5984b521403ad0b4d4d0bcda8ac3ef6b1ffacbfa6829a374efc,80,Greece
e34ac8072a22d49e78dcdeed86e124036ebf6d8d2d6d2020f0b2436fc802b487,80,Greece
436c84118daa8ef855a15d55018ad21aedbbac3839e734180b0921a4ae16c086,89,Greece
cc41d3f249146e80540771912150e3e009ce3aa631ca9fb4b9bfb9331c2c7987,69,Greece
1a606b176f48bf56621d4c2c658737eabb9470c390713f6b72be16f84ecdd62e,0,Greece
dbbb0c5e94b841f41f460a1e4c18ee71eabeeeeb03ff0e6dec358d0d56ad44e7,52,Greece
8ddca21f1c42ddf21ef4ec79555f169021a4e73d38a0b221b305e7b728b396bd,37,Netherlands
3452d73b6f673f978ae0397cbdd2a17eb339f2b9924d9cdafddb1e82fb751fd8,79,Italy
b4a71d93181a70812cf453775b74c8d524998ee1e974ef59fd3a99e3c73a402e,71,Italy
2f787c92541226d5e4f3b3f5b75ecbb05a7dad19c81b214726281e8c3b64c6aa,81,Italy
d9745679e5dffdedda122fab1254b33586c1fd56c08f4d91f4ccd0c5a9881075,70,Italy
398c63c488b91df0bec2753b54c51402c0e2d38192cef26cb5b22d8626da1210,37,Malta
9a616a0c70aada7937a1bf246c260503b6e2c5c78c9cdcbc720f03ec04874059,37,Malta
4cb5a7d93715099cd65ecde559831ecf2f7ea783b3e2deb1df266eded868f4cc,36,Malta
153c28ae8730bfc3da087f7fa083d668e11d5488a05852e3bd3c6b6f9607f371,37,Malta
cb4ab448b811190db0c0e0e03fc90bcff00ff6e0aec050abf8850c9fe7bd2156,70,Malta
50930924688fb388edc32213e45ba2d6488a4fe65d78490c850a3badbe59e63b,70,Malta
db8d405a51544e40c15f6d136ce9f43a066348515cf1c7cc962cf0194c28b23f,80,Malta
3942ce91429a477ae9e6e08f70ba4ff5006f6a8a912e19e09aeec0f1cc7eca08,37,Malta
3d992f7b1343d7665b5768bd6e4fb8044fec0b2c3f78463bcf1105f8ff16e797,37,Malta
db28c70344799114761fab5cccfb9203894fac9c7cc3c6783461f7021cd71431,70,Malta
764dd08de214174332ab706a0c6dea7a4cca3433d5ac1edc32ca8f695a127d29,80,Malta
8dcf1e131ed59170600b254b175a250b60baade7208851b0884dbac13c80470c,37,Malta
4a9b1eee4985b2d57fdab505a80686322334481b0da7f9ab8c17c4f00db589a7,60,Malta
9c7d71dd8a16f96405294aa6ff6b8b325afdfdad787a72d1d793ee526a5da514,83,Malta
397ca87b3c2b18a17d92a9409ae16497cb015f53279da9992ea5fffd7281be35,69,Malta
66d16aac6efd45973438ed0f717eb8a1d0d4d40a3fd40dec11e3b9ec40730b1e,70,Malta
7475bb3647d8bb62aa76547601ddf92dc356b5de07fcddd3fcfb2c1c43e8d9be,71,Malta
fe2993bd44e223ba52000b0440c9bb8d353ac60c70652a0338d1dbb5af60ef29,37,Malta
994e837d82d3ab8c5521df0643abf63b8ee683bb846c57791209598f8f2ea20a,89,Malta
605c75fb78b35a01b1a3b2b39e16920c135a72c2da0086af4f6490581f4e3290,37,Malta
b3268748f76f15c90a58471c209664eb8036870f8e61638483649d224284c516,71,Malta
f47c9e1fe7c70d989f778e91dcbfac4257c66c723e9fa54d7bfa3bab6be610b5,60,Malta
6d0d6a1534ff970645d3a8b4f518cf610261eeb27b6fcb70644c76830b2a6eb4,60,Malta
f186023dea846887ba8ee9a97ef7d7622ad62d6911ddbd70ef8dd56a5294e9cc,37,Monaco
25be5f37c3aa17f7df758e0d0f238ec6911595c32b65bdc812f6f4d596a3600e,70,Portugal
065809b408897ba8c70edf8ebd41aa8a52517815c144f952f25bc20eb79c6769,70,Portugal
b468be26f1065f85dea538ea6ad5af49d9f0b97b1430dee4b966ce5403615ef1,71,Portugal
bac263db165c5cef0003ad51e8d9161990f7c2e9f9fab89feb46289f58a35b0d,71,Portugal
40de79bc837859e58b9d405f223ab4d381a9fceea9c3eb8520f18ee99f19d6a3,72,Portugal
9c76ec5de2f16d6a6fb1df6ba5b0a6b363b7de2c8ff7a07378523e141db78299,80,Malta
60c934a8d1afcc7864867ae95dd1532eab89f280fcd0029d96a283f93a09891e,71,Malta
e8b37561ec010a873ed3284d0b065334cb3c3925283d84ee555d3e6764050405,72,Malta
8d56a28f51163c4b3b34f8bb2ae7f419940800e9b053f7e2ab262a8f5d22d00f,73,Malta
7ef6afc4f0ba5f8add368550e4427fa80d1ba97b947ca62ebfa6ab134cc57fba,40,Malta
73ef660b2d2cd948f810556fbd6f841d2b7c809a0454a40b96f169e3fee8f3ef,60,Norway
c45bcf16ca55e6e138f9904d898cffb434b2639956124f8b9a1e16d6c1952e1e,37,Romania
fd6d4065943acdf34c5a274790caf2d4008eb5dbe3d1c27411635007ca9d781a,36,Slovakia
2cb347cf455786e23894b8e8ff7214b6c901cfc55f7cc510915acb7a0f87ba58,36,Switzerland
0d90e6842e1454ddcbc14e7832be23e7b4472c442e9598c6b81aad72f5828469,70,Turkey
909d9b083c04ffc088cdf6dfd7885972988a441c7e3e3ac00107492232a2b642,72,Turkey
5b7762307f042a4c9609cb5b25280533e4611e659f92e7ba95d2fc806639c6fa,71,Turkey
e0833c599322c98b587d3b7da699e194795b3854beaf7fae080ee714a79ec6eb,70,Turkey
a19caea397f45d64624c60a543162dc6301eb9e46b01a40d9ac9df07304da470,71,Turkey
f4338c3a901352bab6897ca05bd205d54e7a5c37e27eee46b600627ad1302eff,70,Turkey
97bd492686700c19cab33c22c1bd1b223a251565cc9f36f3469a6faaf487c7c9,71,Turkey
9001bc01dfc3c35a12c634d164749895bc0898664dd653fe86c51b99741f0fa2,70,Turkey
c732a79edf770112141fdf2871ec04d5d257c7d80df41dbd06fefeac61a0cc5b,36,Estonia
bf6e7816d1c33fe2d9afc3a9fca90210f521eb702655efb86e4621ab14a38e22,71,Antigua Barbuda
8dfb0b67f2fbc00cdc68b3ba9611fc2ba25d8314ad9370de9be43f3fd128530b,71,Antigua Barbuda
fbb0cf5f7ebcfe789975c8513b55f30c7a03ddf790100fad2487ef254b047fbe,70,Antigua Barbuda
7b6523e23ee40838e2697a56ef19680bfb2d9518aebc16b747f63efa4e20c8eb,70,Bahamas
1306b54640da6db29305db9ff22f30d5eef14fc5a72f44c1f499aa104dd9a8a8,90,Bahamas
978877e5ccfa63a3348360cddb6728e77e761bf296ae55c6e94bb55b5954841a,70,Bahamas
6333a4bed601c5bc568fdb1fe169d6147bf8b434ca0f0787f1ef29cf41ad6229,37,Bermuda
0920f1e3d78ec40de35060554458da23c6b59e674ea6b62e01159404021c02fb,80,Bahamas
1e5eb573c1f3a9c345ab598ee16fbedad4f19333f3d14989f2d4afcab1a725be,60,Bahamas
41bc9f4c5573b4c0d5263bfe49f1f68016f35b9b53169f53e2a612b216817d95,72,Bahamas
edd5e151e0bf7b19353aecab45e50b0bf92fb5d425fd24020034d780d218caa3,60,Bahamas
b9e07e963948d90dc81475c2f53af90db64b4c3c1d83b21462c41c83e2f6a82b,60,Bahamas
fdd18946b117bf0f748e58053e0cf1ea9689d3b0ddd82365b90be1b993be73f5,37,Cayman Is
1392b6d69dcc77e0c36e1494bcc72e374e1b9ae7862682076db39faa54d9b454,37,Cayman Is
c849bdc28d3827bbe436febad77b70a805d0ae7a1957b99005c0b2642c6416fe,37,Cayman Is
b46e38dfae23f7834fb251f40e2c4e1c36766af1f0d298798e3d2d0204d941b0,37,Cayman Is
c323aa86f44db48603810014e0b62091431598013d8f0e30c28a9db5132bf0d9,37,Cayman Is
3ac522f146befb757d0503a7e238054e296524beddfb2fcd2889cea2aa2654fd,37,Cayman Is
a26c06d63ea6a032843dfb84c5b3d25aa8e03d50515ef707457719b324256089,37,Cayman Is
ce8c98d85eaf0dbcd3eb928646a0b027aff9528e606999d954f84fa610897945,37,Cayman Is
60932419b2df0472b5cdf18b7d62eb3ad7d39eff97aa205ffba62fdc24754707,37,Jamaica
931516706edbf08020cbd80d52a6e89d07c827b8e728301960900cd555474198,70,Panama
e9b08f79058751bdc9b9bfe95130f72c941eeaa005292ec5d3ad98c93262e507,70,Panama
f9f4e4142874117d4dc6c4e702dee228a203015911f85e01e0f0a345eeb13c00,70,Panama
965baac659e0dff4cac31e387daa17f2afa75032beb9e1d4bc88f9aad5cddecb,84,Panama
17e66c46f0b0528855bf1356b4b6becb348b353cbce9ac2467b3dd740b55c7f2,70,Panama
4e7a9d2c3d62c3db3ab26ebab005e3515aa7b18f26bc9cdb4b98c3b617be47e2,80,Panama
76abcf874fbf0e97f50d8eff34c29e1613f963d22125cf0bcfafcbb55979ba3c,70,Panama
d6a3d07eb701b4eaca65ffce663ab4f05a9b547185d7c33af06536f7d00abccb,80,Panama
fc27ad8a1683a1b3d5fcee1742392450f157026bae852877c40124f3d59425a9,80,Panama
9a67f237af53ef959dc55307df3adc69b67913e754062a6719b0f2d197f3340b,97,Panama
5779e575b8d9753b01974ba34d04ff25bd693bde621dcb8827f8c1e6486b549e,82,Panama
ad0757d8e8ed25890d175acd552acd81a34d32ff002c604bb8dc07506a83dee8,69,Panama
7bf6ebddc7d70538694566e7891fe15cad8df821fdb5f8f0187701345e7957d8,70,Panama
4da0d71d8c3ab7a1ac865b0fdf177bb7c52a38eba3494a358ca09789c17240aa,71,Panama
dcb12d175a70de9ac0c21a23a20a675399ff68dcd60904c2c4d22d49b7cb2316,74,Panama
916af096a77e4c5ec74f98e73e4eebdedf363b680437575799c6f087842edef9,70,Panama
484148639e0c8229927fb9da7747a72cf0b31b56aa8a1c9d1371d9a63603db4f,74,Panama
f83722e1d3a9edcad17dff23f15b7ec525c5ff4374650044ae8ffe8324a9d27a,79,Panama
348d73dcc58e10cff2218f3cb8031ce96ef1bad02bed6309899ab72fe71ef117,36,USA
58b1f5f8cf7925c0485e61112d403e6f977aa75a8e949868ee8a8133ae2d03dc,36,USA
ea1486d599efbbac6349f128292a83521feff5ed0b7eb1cc4643ff8bfdd37232,37,USA
82e9d038d583c0dfcfb0850009215af50b50c2fb9f0a29b5c48156f4f97e7bf3,70,Panama
9fa9f9f4acef747b790a9571ea5f2a149499902a1712beb6b6214f8d60a30cbe,37,Panama
9864af3ee08ebb5cc4342276b450f209abf1ce17c4989545473d55947196425a,70,St Vincent Grenadines
117d0061fb1d40a3d3344d12bd7b8ff474026106f2ae276512a9716c6a6062cd,37,British Virgin Is
927392340ace393ff58c2c87596bcd228873eec5d6b86558c7bda529a2a13d2d,37,British Virgin Is
0b9cfcf93ee80031e12bd5c59700e9788475ad68f71e5456e5220c9a8a73446b,80,Saudi Arabia
d6b4ca21a3677d0cc9d9f8f3bcae8138af5a54c52eefd8f7935eb09e93cd3a16,70,China
bbe249cdc48dd360d8eace1813e81b0599fd11e39bfad164b6d4f438120957ae,72,Israel
7e9453dc65473eb0174e132a37d75b7769504af414ee66b1ded5df6df196143e,37,Jordan
8e884607b2eeb364140992003bd543c2c6ece1282211e41163656c95f306a7cf,82,Mongolia
69cb1c8b3a1d7c375ab3905cd395a2ddb30ae7ecdee1b32182644805d0a022a6,71,Hong Kong
6e3a30ed71259bd891dd15c4cb45a61835bd6a0152cacd38d478f7aecc3bb786,74,Hong Kong
b3f3ee37465e4aa496cc55d533a52a2baee57834d986e5e6fd0701d0d85d6cdc,71,Hong Kong
6f1819e2562572faddc6d768b731e375273d7e0f88598fa12eb881ad8ce358bc,90,Cook Is
09ea79cb7872bd3be4738da828d2b21bf571d48a0e5fd8339d67c3ffd9428f38,81,Marshall Is
f8573256fdd67506488bb128ac0505410aff88e5cf70415ed0ead6a263e4eeed,79,Marshall Is
404a6c642206c3340085e40ce8f8a18ad8ddafca1cdbf6e76e495a58bba0f624,71,Marshall Is
ed2e0474f7124a62357753a61cbfe6f295ab7337eab3e19eb2f4fc4fba70f2fe,70,Marshall Is
3526fb9d3f0b3f40d705d7b38f2bd0ce5059ea9ad24735f528ebe0cf795be58e,70,Marshall Is
0b90f591880ff8c29e31d8cba4071ca9509f9ae038a810b51641877218d07ab4,71,Marshall Is
b8f39c9956cbc4b0125c354e7a37c9edbeea0ffa6e4b4fcec114d8604df775d6,80,Marshall Is
5cffdc05ba880eb9d722655d3ced88c06552d6a52a4a18b1416fc822e6a19502,37,Marshall Is
e22fff401b17f57e7287a78d19f0be451417e537b44d884fdc4f7d99cf3e04c9,70,Singapore
c020f8fdd419a2bbfa8b27dbfe30a1de3c98aa610363448fce2b4ad9be936048,84,Singapore
c6cd28e49c897828bbd788b536ef75bb25e5d4134f0faf62a4bb857b7a30cf48,70,Singapore
5ef85a45cc3343eb96218d3faba8ab5f0dfe98f899471c0b5cc7a16d7ce4ed4f,81,Singapore
7354c0ddd8f475e9924092d47dee9873b7ee74c38ebbae3cc92ed6d367790ef6,37,Liberia
300ed0b5d82b6d1c644fdfde845b8858ab2aa3fbab9bd70ada8529650cf1e687,82,Liberia
cb8f85718622e6ffe8208e08fbc58b2ab7a9e9f8693412c164f730420d6337d9,89,Liberia
235dc7a6fad92caab41c91f24e6e81421111d6e969b62abe61bb0caa0c7d5300,70,Liberia
4badf632febe64712b11b305e5d9b9c4c1ad236bd364248d6b51d09007d7b5c6,81,Liberia
43d1f9968bc336684ad1c7ffd25f2469fc485d7bedb17df9ebb9e12ef2e4d13c,74,Liberia
7ec099a52715a608f3a3badb9e2d8d348b2622dd452a2e45b3646f926c867c99,79,Liberia
82249aa762db8b72f50777c203b4aba2b45948ad5c109e8b0002b82ad8decf46,80,Liberia
4e2a94088dfd4327edeca66ea99f20de79cbd903b89a4d80cfe096491ff69c60,89,Liberia
7508db55ef6da1ca3a532d93a3ebf7d7060ea265f9ce6bd6475c14f2b8b47260,71,Liberia
6c2af842e30c2ad63142756a447dc7208ae13057f5b7f4de285e8835bac792eb,71,Liberia
0fbcddbefd2725f12daf4156a7ee8392ce6f5ad1283a26ef7313664334a7f074,79,Liberia
54864bad744f46bb70b9260725975162ff48f6b9c61fb5154394c588b4278c28,70,Liberia
80bc912679dfb6ff8574a0876f2ec400a43a5f4faef41d76c4345d28ca27c91a,71,Liberia
0f716f97f000431fee902e552d9f059fe7c126268f8ceeb65ac26205c5b659f6,70,Liberia
f55a1efcbc57b8a25e9363ce9e502b95eaadb49cb3e0fa38b002c1ad19a0a2e6,71,Liberia
6bbe3d8b3472cf97c4b7265236af5ab6298f07063e33d8baa84a333722c8acdb,73,Panama
82b633bfe8fe12cdb94f3352a4dc81fbc76b9944003452217ac81828a72e9a1d,36,Malta
1d0770746055062bb7ecf7e66da2fe33d412882da9ce8f16158bf6c05dfe037d,31,Greece
8c8ee7804c13f88166d39251825b8bae3a41c95c97d092998aeff6b7254d0e2d,80,Liberia
17adea2d9155dc83b0e4b6ed669b997b83c67c32a0729192af85bdc98a31daf4,36,Greece
09ccf8d8dba222fb7c24b86d803a1ff77a35f041a6105e65cab518c6d940a638,80,Malta
8c7dc47e9fd09edf45675918479a438fd2b51356ce6de71c4786fad07b00613d,36,Greece
58ce246bdde1a77f93c63fd45fa1b0c66fde00a6c5781f63ee2f174864198921,60,Greece
986ab56d958e858ce594b9987d8e662848adf86625c72801183255decc582995,70,Netherlands
adac09d74a238e5e057f76ff53c32d143911af8bb6dd897dbc97c36786e7b6c4,36,France
26eba8883309ba277d6c56ab2fe575ae8d239ea80cdb2fbfd25d9a7968bff7ba,71,Liberia
511349417fc3ed454c94a594a52b4a361765f09027b621277f36d190c2b13fff,37,Malta
8d1d255bd248aae61e9d7cf5e7c49f32263031dc851703a2b79a70ca9d882b72,37,Malta
be22334af2d541852c6f34e3ddec52975fe0ddf55b857e08bc8cb89263be1582,60,Wallis Futuna Is
7fe69dcba4618912e94718f22e5d7aaabc1e3d678d5496ff6e763725ab618eb1,70,Bahamas
6c43ab743fc3f6a113456001400b77c5023f4e1d4608c6f87fb695d5921bbc20,70,Liberia
b44191e9d3226787b05e6a52b816ec811c50ebb502baad0dc306f75c2647a2d6,37,Greece
0a5afd5b90a577ac625964445a3d33d89d9f704d87f5aade37fc2c03187579bd,37,Greece
5114aac3f5894ce0164db6bd0c86c3facdb5fe013953e7c0796f7e57f6ec8609,37,Greece
45009c6144277805cafd55ae364dfe15debf0d77b72395d0a0315675d9f9498d,37,Cook Is
a0e64a92f3555bc6e8a56684b1cbbc41197b0920841515a0c0e46fe600215222,71,Bahamas
db7c5e070cb55290ed00e3076452eb45ab86368797ac83923f61ada48e78af18,70,Cyprus
3f764c01008ed1f30395fa2c5ef732257c91067ace32ba51727684b99e072ea1,37,Malta
89a5b80db76ad062a49993b842ac0e3985c064abb03b804cf57575e97095f720,36,Malta
e3d1c069fc27183c557a8665d1588024df55b4655257823c1d7c41e597f7438c,70,Liberia
ecd32cfcacb73568e81888dd704cbcfc1c22896cec9803cef2743b9aea93f2fb,80,Panama
9461996576cf9ba45b77da6b0ffd3a68baf2634fb1803b958862f72bb879873a,70,Liberia
d3f03e8a6756e98092080e3e8a8fbc2fd0bc5603ed4de5318bac9d1cbbc880c4,70,Panama
8dda0be630decd78b5ad55431cfdc65fa194da1be2c6915d3fc30a88f8e0234f,70,Greece
4babbcb0d3d48cf988de1a317acb5a62ce72bf0a17e5510fa3d4ebdc9ff6fb7b,31,Greece
2d3a984d980110be739f691a7f3de3ff85abb12e70d82957c67088d4806a12c8,70,St Vincent Grenadines
a4d44954008d0e8e3acdb9b87772f231873b9893192532733c6213d10669bed1,36,Malta
234535e94d6453263155bf3d2142fdb6624718a77e80b6cacceed4b184e553fb,70,Liberia
40e17976df71c882d804a8bdd16af62ba28b3ae60fcb482dde89122e5059d0be,70,Portugal
52006e2fa9f9ab2364a45d5e1a57807b07661a61b7da027efb6f6ec4a74c5676,80,Greece
b75d76581a1c0c285c709a716e20c5dd0c1646bddb61698f7e4fda67cbe510f3,36,Greece
85ab3bac75b86a01e5590f1f82cf13032c72348bc988bcf3850fddbe40aee10a,37,Greece
b29365d8f699f396417d81526e49bcb66fa531ca447041e2d2f5034dbeac4c2f,36,Greece
2eed6d8dcbd65d06a79ee723a24e073045ac264ae8a5e6543d21fb85bcda468b,37,Malta
38102fa4c2a6e56409c14e273516fd2d6574e370460abdce3f676fddc2f76d60,36,Italy
3935095a2e37f503c5f8ffaa0efa520a3513313040b981a50699f1c9c2b09539,36,Greece
349ac11666447d417abea2d5315567803567a85701d9fc82a1b6d708139bf458,37,Cayman Is
48453fdd3bf7b8625cacb1cb8904d2d2b2e335b108dfe4172cb0ff2234ac499e,37,Malta
ee29b66b538ffcb8bbb1c355aa07b52401d5bc3bca7398c20acccbcb8be10583,71,Liberia
fe5e06055a5764c8cb5f844002c56075da04807ceb739fd687aead42ffc3876b,31,Greece
b1d4b18a927515476690314f228d6a99a5cee65a29fc0b7b4c820d999cf82b8b,81,Greece
e3f571f1d153f1d251b92ab8e81c5b23b57d76f83bc6156fca71d18f7556ec20,36,Greece
c877d793e4e40d5b3fc37ee33cb2d004520a33930bb7eb6e850cedbad00d03e4,37,Malta
19b6ca4e78cdbe685310599b3934c228e81b5cb6bbaf6afe6a5c27516f7b6477,,
26063e8e3098bde2b6524e0da7bdefe01ac75d72e09d998424d8e5580ccfb9fe,,
3445b031e5caed8a7082aa0ac1247e05ac6c4144478b6056044312345d9cf115,,
3766bc3a96ced8789f29247111061c7434ea4169cdc062a5e5d85e6b607b5287,,
4cf8416c5224744953ac32fdce06fb1653a3de2fc0d6fed6e0ee2a2160d68456,,
5147e5cdc9778089d8434f0a53cfb973413645f4ce59a6f4bd95decd646fa61e,,
5b5481ccc44b96b9dda083a4e4fe861e39bcc2bbb6f28e8b6cdbd556218a48d6,,
5e3dea319552de1b8be31db6781610d46cac383680d9b20ce55540af4ac8660c,,
63cec9fe2d1852beff436f79950f9a1c9e6e920c3f31137292737e1e48e69109,,
848b650a0c9b7238f88b60a65835a5de1adb1d4deda6c1dbada91dedbebd40ab,,
8f305eb733a2eae061f10689fb8b30a81a7ad6a2710a8cd01e9e8cca3d234d16,,
90c983c70f41a2c863061ea1468269089b8cf37f6586972d4788be147a75cde3,,
9de6657e0b0c053babe193956338244e587d23e3b03a4e059be45b3be9418975,,
a0ab906956a808f22a8bf6a295afcd4b7e1253387d3292dc97ee986a80e18cc5,,
a4c643cfdc5a93fa6a704a3c58789b97c53a5b658a6d97224bd8ef8c6fd1a90c,,
b10299a1d464ac46214a4ec81b896753a94e6701b401ae224d64c22d3455cf85,,
b8b87d67ca2def71bde865ea0753a22fb621a4e782a726d1825250bee82d7070,,
b8ed6fea5f97d4829a0d7e692adfcc0d1967309e64f6d20c9bfa54a24bedf5c3,,
baa645767e759f76e9c6afd01c7e583e9aad4f4980039811f2c1795b497ecf78,,
bb471d593cdfec4ab7948971ea72e39b7022077c53bf7086527c079e3af158fd,,
be3ab5b9100f0aadcf0c5828c2078a6215f640e6ae08c02b6fddad4b52226c67,,
c37d0fca7c63e1dcd66f65485717bf7737bc352a394c3cf8bbda63c3a38b6b3b,,
c386c86de9bf6c2c1dfbe16130a0885efa4657d4b0215ac3834b7e8406967106,,
cd6d68dfc08b705ad17d224d72c290c4671cbe7965f06eae67617065a28b2ab8,,
cd93de18253e032f629c31fdddd25b0ae2e872f7576ac2e0fd281e1e24780d0d,,
ce0482b543e172d9938b12d661947e63b636d3cd8a8ffe829d3bb925b0ae1d3b,,
cfe5cf73e7eac0238c3209d427d0be8aea087a5457f2095bb649d3ca6cc1d079,,
d2b6e1e44955727747936c3560fc61f52984633d1ba7618c33291cd7604abae3,,
d9e4dc22d52767e1f62b97c820b1ceb82f33616fe1021cd5ba8a6a300c09a6d3,,
d9f6d810b6c725dc0e792101cef23e0751f3e5d2c11b37482aff46b81a98f304,,
e1090186361708c420201fcc97bf2771d543fdb98d4c14bf7ed397c34f9074c0,,
e6815f9237c5252badbad36c17abbc8a422c1b7db78e2570fe88d8fb2dcf815d,,
eaaef84d2e4e263d038d161633fc469b9875890e0eeb7dbd36d10ea40baf0b19,,
ec8771b5de91545071b03269720d300e0524adae872eafb4d21154a8d858a631,,
ed9802bd980df008d6c4e2a9d9fad947f5f5acdfb002bca042c175e86bfb36a1,,
f6aecd46986326ec3eb48de1d832fda724af2752cf8f22b7850a43dc8d6437ae,,
f6f80a9d74a1dcd5c6f63abab5773a0d13f829ee4b7c38c83bcdc7d2cbf65a3b,,
febd7d8eb32934766cc2af207314319f8efbab07d569a8d467429dc504cf79a3,,
